{
  "info": {
    "name": "advertising Script",
    "_postman_id": "e5c9b155-5715-9365-9cc3-fbf1ed011ef1",
    "description": "",
    "schema": "https://schema.getpostman.com/json/collection/v2.0.0/collection.json"
  },
  "item": [
    {
      "name": "curiosity-ad-copy-scripts",
      "request": {
        "url": {
          "raw": "http://localhost:3000/advertising-scripts/curiosity-ad-copy-scripts?action=render&option=html",
          "protocol": "http",
          "host": ["localhost"],
          "port": "3000",
          "path": ["advertising-scripts", "curiosity-ad-copy-scripts"]
        },
        "method": "POST"
      }
    },
    {
      "name": "curiosity-ad-copy-scripts",
      "request": {
        "url": {
          "raw": "http://localhost:3000/advertising-scripts/curiosity-ad-copy-scripts?action=fields&option=html",
          "protocol": "http",
          "host": ["localhost"],
          "port": "3000",
          "path": ["advertising-scripts", "curiosity-ad-copy-scripts"]
        },
        "method": "GET"
      }
    },
    {
      "name": "facebook-newsfeed-ad-scripts",
      "request": {
        "url": {
          "raw": "http://localhost:3000/advertising-scripts/facebook-newsfeed-ad-scripts?action=fields&option=html",
          "protocol": "http",
          "host": ["localhost"],
          "port": "3000",
          "path": ["advertising-scripts", "facebook-newsfeed-ad-scripts"]
        },
        "method": "GET"
      }
    },

    {
      "name": "facebook-newsfeed-ad-scripts",
      "request": {
        "url": {
          "raw": "http://localhost:3000/advertising-scripts/facebook-newsfeed-ad-scripts?action=render&option=html",
          "protocol": "http",
          "host": ["localhost"],
          "port": "3000",
          "path": ["advertising-scripts", "facebook-newsfeed-ad-scripts"]
        },
        "method": "POST"
      }
    },
    {
      "name": "ppc-ad-scripts",
      "request": {
        "url": {
          "raw": "http://localhost:3000/advertising-scripts/ppc-ad-scripts?action=fields&option=html",
          "protocol": "http",
          "host": ["localhost"],
          "port": "3000",
          "path": ["advertising-scripts", "ppc-ad-scripts"]
        },
        "method": "GET"
      }
    },
    {
      "name": "ppc-ad-scripts",
      "request": {
        "url": {
          "raw": "http://localhost:3000/advertising-scripts/ppc-ad-scripts?action=render&option=html",
          "protocol": "http",
          "host": ["localhost"],
          "port": "3000",
          "path": ["advertising-scripts", "ppc-ad-scripts"]
        },
        "method": "POST"
      }
    },
    {
      "name": "stealth-close-scripts",
      "request": {
        "url": {
          "raw": "http://localhost:3000/advertising-scripts/stealth-close-scripts?action=fields&option=html",
          "protocol": "http",
          "host": ["localhost"],
          "port": "3000",
          "path": ["advertising-scripts", "stealth-close-scripts"]
        },
        "method": "GET"
      }
    },
    {
      "name": "stealth-close-scripts",
      "request": {
        "url": {
          "raw": "http://localhost:3000/advertising-scripts/stealth-close-scripts?action=render&option=html",
          "protocol": "http",
          "host": ["localhost"],
          "port": "3000",
          "path": ["advertising-scripts", "stealth-close-scripts"]
        },
        "method": "POST"
      }
    }
  ]
}
