{
  "info": {
    "name": "Bullet Scripts",
    "_postman_id": "e1578ca0-e50a-89bf-4078-eeb87a72833b",
    "description": "",
    "schema": "https://schema.getpostman.com/json/collection/v2.0.0/collection.json"
  },
  "item": [
    {
      "name": "feature-benefit-meaning-fbm-bullet-script",
      "request": {
        "url": {
          "raw": "http://localhost:3000/bullet-scripts/feature-benefit-meaning-fbm-bullet-script?action=fields&option=html",
          "protocol": "http",
          "host": ["localhost"],
          "port": "3000",
          "path": [
            "bullet-scripts",
            "feature-benefit-meaning-fbm-bullet-script"
          ]
        },
        "method": "GET"
      }
    },

    {
      "name": "feature-benefit-meaning-fbm-bullet-script",
      "request": {
        "url": {
          "raw": "http://localhost:3000/bullet-scripts/feature-benefit-meaning-fbm-bullet-script?action=render&option=html",
          "protocol": "http",
          "host": ["localhost"],
          "port": "3000",
          "path": [
            "bullet-scripts",
            "feature-benefit-meaning-fbm-bullet-script"
          ]
        },
        "method": "POST"
      },
      "response": []
    },

    {
      "name": "brunson-bullet-scripts",
      "request": {
        "url": {
          "raw": "http://localhost:3000/bullet-scripts/brunson-bullet-scripts?action=fields&option=html",
          "protocol": "http",
          "host": ["localhost"],
          "port": "3000",
          "path": ["bullet-scripts", "brunson-bullet-scripts"]
        },
        "method": "GET"
      }
    },
    {
      "name": "brunson-bullet-scripts",
      "request": {
        "url": {
          "raw": "http://localhost:3000/bullet-scripts/brunson-bullet-scripts?action=render&option=html",
          "protocol": "http",
          "host": ["localhost"],
          "port": "3000",
          "path": ["bullet-scripts", "brunson-bullet-scripts"]
        },
        "method": "POST"
      }
    }
  ]
}
