{
  "info": {
    "name": "case Studies Testimonials Scripts",
    "_postman_id": "eb9d95b1-572e-ebbc-9c3b-3b7e079ae2f7",
    "description": "",
    "schema": "https://schema.getpostman.com/json/collection/v2.0.0/collection.json"
  },
  "item": [
    {
      "name": "case-study-script",
      "request": {
        "url": {
          "raw": "http://localhost:3000/case-studies-testimonials-scripts/case-study-script?action=fields?option=html",
          "protocol": "http",
          "host": ["localhost"],
          "port": "3000",
          "path": ["case-studies-testimonials-scripts", "case-study-script"]
        },
        "method": "GET"
      }
    },
    {
      "name": "case-study-script",
      "request": {
        "url": {
          "raw": "http://localhost:3000/case-studies-testimonials-scripts/case-study-script?action=render&option=html",
          "protocol": "http",
          "host": ["localhost"],
          "port": "3000",
          "path": ["case-studies-testimonials-scripts", "case-study-script"]
        },
        "method": "POST"
      }
    },
    {
      "name": "million-dollar-testimonial-script",
      "request": {
        "url": {
          "raw": "http://localhost:3000/case-studies-testimonials-scripts/million-dollar-testimonial-script?action=fields&option=html",
          "protocol": "http",
          "host": ["localhost"],
          "port": "3000",
          "path": [
            "case-studies-testimonials-scripts",
            "million-dollar-testimonial-script"
          ]
        },
        "method": "GET"
      }
    },
    {
      "name": "million-dollar-testimonial-script",
      "request": {
        "url": {
          "raw": "http://localhost:3000/case-studies-testimonials-scripts/million-dollar-testimonial-script?action=render&option=html",
          "protocol": "http",
          "host": ["localhost"],
          "port": "3000",
          "path": [
            "case-studies-testimonials-scripts",
            "million-dollar-testimonial-script"
          ]
        },
        "method": "POST"
      }
    }
  ]
}
