{
  "info": {
    "name": "Content Creation Scripts",
    "_postman_id": "6c2de7bc-3f38-5e91-123c-ea5dfe16bdeb",
    "description": "",
    "schema": "https://schema.getpostman.com/json/collection/v2.0.0/collection.json"
  },
  "item": [
    {
      "name": "about-me-script",
      "request": {
        "url": {
          "raw": "http://localhost:3000/content-creation-scripts/about-me-script?action=fields&option=html",
          "protocol": "http",
          "host": ["localhost"],
          "port": "3000",
          "path": ["content-creation-scripts", "about-me-script"]
        },
        "method": "GET"
      }
    },
    {
      "name": "about-me-script",
      "request": {
        "url": {
          "raw": "http://localhost:3000/content-creation-scripts/about-me-script?action=render&option=html",
          "protocol": "http",
          "host": ["localhost"],
          "port": "3000",
          "path": ["content-creation-scripts", "about-me-script"]
        },
        "method": "POST"
      }
    },
    {
      "name": "decision-tree-script",
      "request": {
        "url": {
          "raw": "http://localhost:3000/content-creation-scripts/decision-tree-script?action=fields&option=html",
          "protocol": "http",
          "host": ["localhost"],
          "port": "3000",
          "path": ["content-creation-scripts", "decision-tree-script"]
        },
        "method": "GET"
      }
    },
    {
      "name": "decision-tree-script",
      "request": {
        "url": {
          "raw": "http://localhost:3000/content-creation-scripts/decision-tree-script?action=render&option=html",
          "protocol": "http",
          "host": ["localhost"],
          "port": "3000",
          "path": ["content-creation-scripts", "decision-tree-script"]
        },
        "method": "POST"
      }
    },
    {
      "name": "free-report-script",
      "request": {
        "url": {
          "raw": "http://localhost:3000/content-creation-scripts/free-report-script?action=fields&option=html",
          "protocol": "http",
          "host": ["localhost"],
          "port": "3000",
          "path": ["content-creation-scripts", "free-report-script"]
        },
        "method": "GET"
      }
    },
    {
      "name": "free-report-script",
      "request": {
        "url": {
          "raw": "http://localhost:3000/content-creation-scripts/free-report-script?action=render&option=html",
          "protocol": "http",
          "host": ["localhost"],
          "port": "3000",
          "path": ["content-creation-scripts", "free-report-script"]
        },
        "method": "POST"
      }
    },
    {
      "name": "seinfeld-email-topic-idea-script",
      "request": {
        "url": {
          "raw": "http://localhost:3000/content-creation-scripts/seinfeld-email-topic-idea-script?action=fields",
          "protocol": "http",
          "host": ["localhost"],
          "port": "3000",
          "path": [
            "content-creation-scripts",
            "seinfeld-email-topic-idea-script"
          ]
        },
        "method": "GET"
      }
    },
    {
      "name": "seinfeld-email-topic-idea-script",
      "request": {
        "url": {
          "raw": "http://localhost:3000/content-creation-scripts/seinfeld-email-topic-idea-script?action=render&option=html",
          "protocol": "http",
          "host": ["localhost"],
          "port": "3000",
          "path": [
            "content-creation-scripts",
            "seinfeld-email-topic-idea-script"
          ]
        },
        "method": "POST"
      }
    },
    {
      "name": "story-idea-script",
      "request": {
        "url": {
          "raw": "http://localhost:3000/content-creation-scripts/story-idea-script?action=fields",
          "protocol": "http",
          "host": ["localhost"],
          "port": "3000",
          "path": ["content-creation-scripts", "story-idea-script"]
        },
        "method": "GET"
      }
    },
    {
      "name": "story-idea-script",
      "request": {
        "url": {
          "raw": "http://localhost:3000/content-creation-scripts/story-idea-script?action=render&option=html",
          "protocol": "http",
          "host": ["localhost"],
          "port": "3000",
          "path": ["content-creation-scripts", "story-idea-script"]
        },
        "method": "POST"
      }
    },
    {
      "name": "the-demo-script",
      "request": {
        "url": {
          "raw": "http://localhost:3000/content-creation-scripts/the-demo-script?action=fields",
          "protocol": "http",
          "host": ["localhost"],
          "port": "3000",
          "path": ["content-creation-scripts", "the-demo-script"]
        },
        "method": "GET"
      }
    },
    {
      "name": "the-demo-script",
      "request": {
        "url": {
          "raw": "http://localhost:3000/content-creation-scripts/the-demo-script?action=render&option=html",
          "protocol": "http",
          "host": ["localhost"],
          "port": "3000",
          "path": ["content-creation-scripts", "the-demo-script"]
        },
        "method": "POST"
      }
    }
  ]
}
