{
  "info": {
    "name": "Dotcom Secrets Scripts"
  },
  "item": [
    {
      "name": "amazon-ecommerce-script",
      "request": {
        "url": {
          "raw": "http://localhost:3000/dotcom-secrets-scripts/amazon-ecommerce-script?action=fields",
          "protocol": "http",
          "host": ["localhost"],
          "port": "3000",
          "path": ["dotcom-secrets-scripts", "amazon-ecommerce-script"]
        },
        "method": "GET"
      }
    },
    {
      "name": "amazon-ecommerce-script",
      "request": {
        "url": {
          "raw": "http://localhost:3000/dotcom-secrets-scripts/amazon-ecommerce-script?action=render&option=html",
          "protocol": "http",
          "host": ["localhost"],
          "port": "3000",
          "path": ["dotcom-secrets-scripts", "amazon-ecommerce-script"]
        },
        "method": "POST"
      }
    },
    {
      "name": "call-to-action-script",
      "request": {
        "url": {
          "raw": "http://localhost:3000/dotcom-secrets-scripts/call-to-action-script?action=fields&option=html",
          "protocol": "http",
          "host": ["localhost"],
          "port": "3000",
          "path": ["dotcom-secrets-scripts", "call-to-action-script"]
        },
        "method": "GET"
      }
    },
    {
      "name": "call-to-action-script",
      "request": {
        "url": {
          "raw": "http://localhost:3000/dotcom-secrets-scripts/call-to-action-script?action=render&option=html",
          "protocol": "http",
          "host": ["localhost"],
          "port": "3000",
          "path": ["dotcom-secrets-scripts", "call-to-action-script"]
        },
        "method": "POST"
      }
    },
    {
      "name": "lead-capture-script",
      "request": {
        "url": {
          "raw": "http://localhost:3000/dotcom-secrets-scripts/lead-capture-script?action=fields",
          "protocol": "http",
          "host": ["localhost"],
          "port": "3000",
          "path": ["dotcom-secrets-scripts", "lead-capture-script"]
        },
        "method": "GET"
      }
    },
    {
      "name": "lead-capture-script",
      "request": {
        "url": {
          "raw": "http://localhost:3000/dotcom-secrets-scripts/lead-capture-script?action=render&option=html",
          "protocol": "http",
          "host": ["localhost"],
          "port": "3000",
          "path": ["dotcom-secrets-scripts", "lead-capture-script"]
        },
        "method": "POST"
      }
    },
    {
      "name": "live-event-invitation-script",
      "request": {
        "url": {
          "raw": "http://localhost:3000/dotcom-secrets-scripts/live-event-invitation-script?action=fields",
          "protocol": "http",
          "host": ["localhost"],
          "port": "3000",
          "path": ["dotcom-secrets-scripts", "live-event-invitation-script"]
        },
        "method": "GET"
      }
    },
    {
      "name": "live-event-invitation-script",
      "request": {
        "url": {
          "raw": "http://localhost:3000/dotcom-secrets-scripts/live-event-invitation-script?action=render&option=html",
          "protocol": "http",
          "host": ["localhost"],
          "port": "3000",
          "path": ["dotcom-secrets-scripts", "live-event-invitation-script"]
        },
        "method": "POST"
      }
    },
    {
      "name": "magic-bullet-script",
      "request": {
        "url": {
          "raw": "http://localhost:3000/dotcom-secrets-scripts/magic-bullet-script?action=fields",
          "protocol": "http",
          "host": ["localhost"],
          "port": "3000",
          "path": ["dotcom-secrets-scripts", "magic-bullet-script"]
        },
        "method": "GET"
      }
    },
    {
      "name": "magic-bullet-script",
      "request": {
        "url": {
          "raw": "http://localhost:3000/dotcom-secrets-scripts/magic-bullet-script?action=render&option=html",
          "protocol": "http",
          "host": ["localhost"],
          "port": "3000",
          "path": ["dotcom-secrets-scripts", "magic-bullet-script"]
        },
        "method": "POST"
      }
    },
    {
      "name": "order-bump-script",
      "request": {
        "url": {
          "raw": "http://localhost:3000/dotcom-secrets-scripts/order-bump-script?action=fields",
          "protocol": "http",
          "host": ["localhost"],
          "port": "3000",
          "path": ["dotcom-secrets-scripts", "order-bump-script"]
        },
        "method": "GET"
      }
    },
    {
      "name": "order-bump-script",
      "request": {
        "url": {
          "raw": "http://localhost:3000/dotcom-secrets-scripts/order-bump-script?action=render&option=html",
          "protocol": "http",
          "host": ["localhost"],
          "port": "3000",
          "path": ["dotcom-secrets-scripts", "order-bump-script"]
        },
        "method": "POST"
      }
    },
    {
      "name": "origin-story-script",
      "request": {
        "url": {
          "raw": "http://localhost:3000/dotcom-secrets-scripts/origin-story-script?action=fields",
          "protocol": "http",
          "host": ["localhost"],
          "port": "3000",
          "path": ["dotcom-secrets-scripts", "origin-story-script"]
        },
        "method": "GET"
      }
    },
    {
      "name": "origin-story-script",
      "request": {
        "url": {
          "raw": "http://localhost:3000/dotcom-secrets-scripts/origin-story-script?action=render&option=html",
          "protocol": "http",
          "host": ["localhost"],
          "port": "3000"
        },
        "method": "POST"
      }
    },
    {
      "name": "oto-need-help-done-for-you-script",
      "request": {
        "url": {
          "raw": "http://localhost:3000/dotcom-secrets-scripts/oto-need-help-done-for-you-script?action=fields",
          "protocol": "http",
          "host": ["localhost"],
          "port": "3000",
          "path": [
            "dotcom-secrets-scripts",
            "oto-need-help-done-for-you-script"
          ]
        },
        "method": "GET"
      }
    },
    {
      "name": "oto-need-help-done-for-you-script",
      "request": {
        "url": {
          "raw": "http://localhost:3000/dotcom-secrets-scripts/oto-need-help-done-for-you-script?action=render&option=html",
          "protocol": "http",
          "host": ["localhost"],
          "port": "3000"
        },
        "method": "POST"
      }
    },
    {
      "name": "oto-next-thing-script",
      "request": {
        "url": {
          "raw": "http://localhost:3000/dotcom-secrets-scripts/oto-next-thing-script?action=fields",
          "protocol": "http",
          "host": ["localhost"],
          "port": "3000",
          "path": ["dotcom-secrets-scripts", "oto-next-thing-script"]
        },
        "method": "GET"
      }
    },
    {
      "name": "oto-next-thing-script",
      "request": {
        "url": {
          "raw": "http://localhost:3000/dotcom-secrets-scripts/oto-next-thing-script?action=render&option=html",
          "protocol": "http",
          "host": ["localhost"],
          "port": "3000",
          "path": ["dotcom-secrets-scripts", "oto-next-thing-script"]
        },
        "method": "POST"
      }
    },
    {
      "name": "ppt-opt-in-video-script",
      "request": {
        "url": {
          "raw": "http://localhost:3000/dotcom-secrets-scripts/ppt-opt-in-video-script?action=fields",
          "protocol": "http",
          "host": ["localhost"],
          "port": "3000",
          "path": ["dotcom-secrets-scripts", "ppt-opt-in-video-script"]
        },
        "method": "GET"
      }
    },
    {
      "name": "ppt-opt-in-video-script",
      "request": {
        "url": {
          "raw": "http://localhost:3000/dotcom-secrets-scripts/ppt-opt-in-video-script?action=render&option=html",
          "protocol": "http",
          "host": ["localhost"],
          "port": "3000",
          "path": ["dotcom-secrets-scripts", "ppt-opt-in-video-script"]
        },
        "method": "POST"
      }
    },
    {
      "name": "promote-your-webinar-script",
      "request": {
        "url": {
          "raw": "http://localhost:3000/dotcom-secrets-scripts/promote-your-webinar-script?action=fields",
          "protocol": "http",
          "host": ["localhost"],
          "port": "3000",
          "path": ["dotcom-secrets-scripts", "promote-your-webinar-script"]
        },
        "method": "GET"
      }
    },
    {
      "name": "promote-your-webinar-script",
      "request": {
        "url": {
          "raw": "http://localhost:3000/dotcom-secrets-scripts/promote-your-webinar-script?action=render&option=html",
          "protocol": "http",
          "host": ["localhost"],
          "port": "3000",
          "path": ["dotcom-secrets-scripts", "promote-your-webinar-script"]
        },
        "method": "POST"
      }
    },
    {
      "name": "sales-opener-questions-scripts",
      "request": {
        "url": {
          "raw": "http://localhost:3000/dotcom-secrets-scripts/sales-opener-questions-scripts?action=fields",
          "protocol": "http",
          "host": ["localhost"],
          "port": "3000",
          "path": ["dotcom-secrets-scripts", "sales-opener-questions-scripts"]
        },
        "method": "GET"
      }
    },
    {
      "name": "sales-opener-questions-scripts",
      "request": {
        "url": {
          "raw": "http://localhost:3000/dotcom-secrets-scripts/sales-opener-questions-scripts?action=render&option=html",
          "protocol": "http",
          "host": ["localhost"],
          "port": "3000",
          "path": ["dotcom-secrets-scripts", "sales-opener-questions-scripts"]
        },
        "method": "POST"
      },
      "response": []
    },
    {
      "name": "special-offer-scripts",
      "request": {
        "url": {
          "raw": "http://localhost:3000/dotcom-secrets-scripts/special-offer-scripts?action=fields",
          "protocol": "http",
          "host": ["localhost"],
          "port": "3000",
          "path": ["dotcom-secrets-scripts", "special-offer-scripts"]
        },
        "method": "GET"
      }
    },
    {
      "name": "special-offer-scripts",

      "request": {
        "url": {
          "raw": "http://localhost:3000/dotcom-secrets-scripts/special-offer-scripts?action=render&option=html",
          "protocol": "http",
          "host": ["localhost"],
          "port": "3000",
          "path": ["dotcom-secrets-scripts", "special-offer-scripts"]
        },
        "method": "POST"
      }
    },
    {
      "name": "star-story-solution-script",
      "request": {
        "url": {
          "raw": "http://localhost:3000/dotcom-secrets-scripts/star-story-solution-script?action=fields",
          "protocol": "http",
          "host": ["localhost"],
          "port": "3000",
          "path": ["dotcom-secrets-scripts", "star-story-solution-script"]
        },
        "method": "GET"
      },
      "response": []
    },
    {
      "name": "star-story-solution-script",
      "request": {
        "url": {
          "raw": "http://localhost:3000/dotcom-secrets-scripts/star-story-solution-script?action=render&option=html",
          "protocol": "http",
          "host": ["localhost"],
          "port": "3000",
          "path": ["dotcom-secrets-scripts", "star-story-solution-script"]
        },
        "method": "POST"
      }
    },
    {
      "name": "webinar-opt-in-script",
      "request": {
        "url": {
          "raw": "http://localhost:3000/dotcom-secrets-scripts/webinar-opt-in-script?action=fields",
          "protocol": "http",
          "host": ["localhost"],
          "port": "3000",
          "path": ["dotcom-secrets-scripts", "webinar-opt-in-script"]
        },
        "method": "GET"
      }
    },
    {
      "name": "webinar-opt-in-script",
      "request": {
        "url": {
          "raw": "http://localhost:3000/dotcom-secrets-scripts/webinar-opt-in-script?action=render&option=html",
          "protocol": "http",
          "host": ["localhost"],
          "port": "3000",
          "path": ["dotcom-secrets-scripts", "webinar-opt-in-script"]
        },
        "method": "POST"
      }
    },
    {
      "name": "who-what-why-how-script",
      "request": {
        "url": {
          "raw": "http://localhost:3000/dotcom-secrets-scripts/who-what-why-how-script?action=fields",
          "protocol": "http",
          "host": ["localhost"],
          "port": "3000",
          "path": ["dotcom-secrets-scripts", "who-what-why-how-script"]
        },
        "method": "GET"
      }
    },
    {
      "name": "who-what-why-how-script",
      "request": {
        "url": {
          "raw": "http://localhost:3000/dotcom-secrets-scripts/who-what-why-how-script?action=render&option=html",
          "protocol": "http",
          "host": ["localhost"],
          "port": "3000",
          "path": ["dotcom-secrets-scripts", "who-what-why-how-script"]
        },
        "method": "POST"
      }
    }
  ]
}
