{
  "info": {
    "name": "Email Scripts",
    "_postman_id": "1c96f37e-73c3-ba13-9bcf-59ab8e027ec0",
    "description": "",
    "schema": "https://schema.getpostman.com/json/collection/v2.0.0/collection.json"
  },
  "item": [
    {
      "name": "abandoned-cart-email-scripts",
      "request": {
        "url": {
          "raw": "http://localhost:3000/email-scripts/abandoned-cart-email-scripts?action=fields",
          "protocol": "http",
          "host": ["localhost"],
          "port": "3000",
          "path": ["email-scripts", "abandoned-cart-email-scripts"]
        },
        "method": "GET"
      }
    },
    {
      "name": "abandoned-cart-email-scripts",
      "request": {
        "url": {
          "raw": "http://localhost:3000/email-scripts/abandoned-cart-email-scripts?action=render&option=html",
          "protocol": "http",
          "host": ["localhost"],
          "port": "3000",
          "path": ["email-scripts", "abandoned-cart-email-scripts"]
        },
        "method": "POST"
      }
    },
    {
      "name": "auto-email-follow-up-scripts",
      "request": {
        "url": {
          "raw": "http://localhost:3000/email-scripts/auto-email-follow-up-scripts?action=fields",
          "protocol": "http",
          "host": ["localhost"],
          "port": "3000",
          "path": ["email-scripts", "auto-email-follow-up-scripts"]
        },
        "method": "GET"
      }
    },
    {
      "name": "auto-email-follow-up-scripts",
      "request": {
        "url": {
          "raw": "http://localhost:3000/email-scripts/auto-email-follow-up-scripts?action=render&option=html",
          "protocol": "http",
          "host": ["localhost"],
          "port": "3000"
        },
        "method": "POST"
      }
    },
    {
      "name": "fast-teaser-and-tweet-scripts",
      "request": {
        "url": {
          "raw": "http://localhost:3000/email-scripts/fast-teaser-and-tweet-scripts?action=fields",
          "protocol": "http",
          "host": ["localhost"],
          "port": "3000",
          "path": ["email-scripts", "fast-teaser-and-tweet-scripts"]
        },
        "method": "GET"
      }
    },
    {
      "name": "fast-teaser-and-tweet-scripts",
      "request": {
        "url": {
          "raw": "Fast Tease And Tweet Scripts",
          "protocol": "http",
          "host": ["localhost"],
          "port": "3000",
          "path": ["email-scripts", "fast-teaser-and-tweet-scripts"]
        },
        "method": "POST"
      }
    },
    {
      "name": "free-info-request-email-sequence",
      "request": {
        "url": {
          "raw": "http://localhost:3000/email-scripts/free-info-request-email-sequence?action=fields",
          "protocol": "http",
          "host": ["localhost"],
          "port": "3000",
          "path": ["email-scripts", "free-info-request-email-sequence"]
        },
        "method": "GET"
      }
    },
    {
      "name": "free-info-request-email-sequence",
      "request": {
        "url": {
          "raw": "http://localhost:3000/email-scripts/free-info-request-email-sequence?action=render&option=html",
          "protocol": "http",
          "host": ["localhost"],
          "port": "3000",
          "path": ["email-scripts", "free-info-request-email-sequence"]
        },
        "method": "POST"
      }
    },
    {
      "name": "live-event-invitation-script",
      "request": {
        "url": {
          "raw": "http://localhost:3000/email-scripts/live-event-invitation-script?action=fields",
          "protocol": "http",
          "host": ["localhost"],
          "port": "3000",
          "path": ["email-scripts", "live-event-invitation-script"],
          "query": [
            {
              "key": "action",
              "value": "fields",
              "equals": true,
              "description": ""
            }
          ]
        },
        "method": "GET"
      }
    },
    {
      "name": "live-event-invitation-script",
      "request": {
        "url": {
          "raw": "http://localhost:3000/email-scripts/live-event-invitation-script?action=render&option=html",
          "protocol": "http",
          "host": ["localhost"],
          "port": "3000",
          "path": ["email-scripts", "live-event-invitation-script"]
        },
        "method": "POST"
      }
    },
    {
      "name": "onboarding-email-sequence",
      "request": {
        "url": {
          "raw": "http://localhost:3000/email-scripts/onboarding-email-sequence?action=fields",
          "protocol": "http",
          "host": ["localhost"],
          "port": "3000",
          "path": ["email-scripts", "onboarding-email-sequence"]
        },
        "method": "GET"
      }
    },
    {
      "name": "onboarding-email-sequence",
      "request": {
        "url": {
          "raw": "http://localhost:3000/email-scripts/onboarding-email-sequence?action=render&option=html",
          "protocol": "http",
          "host": ["localhost"],
          "port": "3000",
          "path": ["email-scripts", "onboarding-email-sequence"]
        },
        "method": "POST"
      }
    },
    {
      "name": "promote-your-webinar-script",
      "request": {
        "url": {
          "raw": "http://localhost:3000/email-scripts/promote-your-webinar-script?action=fields",
          "protocol": "http",
          "host": ["localhost"],
          "port": "3000",
          "path": ["email-scripts", "promote-your-webinar-script"]
        },
        "method": "GET"
      }
    },
    {
      "name": "",
      "request": {
        "url": {
          "raw": "promote-your-webinar-script",
          "protocol": "http",
          "host": ["localhost"],
          "port": "3000",
          "path": ["email-scripts", "promote-your-webinar-script"]
        },
        "method": "POST"
      }
    },
    {
      "name": "seinfeld-email-topic-idea-script",
      "request": {
        "url": {
          "raw": "http://localhost:3000/email-scripts/seinfeld-email-topic-idea-script?action=fields",
          "protocol": "http",
          "host": ["localhost"],
          "port": "3000",
          "path": ["email-scripts", "seinfeld-email-topic-idea-script"]
        },
        "method": "GET"
      }
    },
    {
      "name": "seinfeld-email-topic-idea-script",
      "request": {
        "url": {
          "raw": "http://localhost:3000/email-scripts/seinfeld-email-topic-idea-script?action=render&option=html",
          "protocol": "http",
          "host": ["localhost"],
          "port": "3000",
          "path": ["email-scripts", "seinfeld-email-topic-idea-script"]
        },
        "method": "POST"
      }
    },
    {
      "name": "testimonial-request-email-scripts",
      "request": {
        "url": {
          "raw": "http://localhost:3000/email-scripts/testimonial-request-email-scripts?action=fields",
          "protocol": "http",
          "host": ["localhost"],
          "port": "3000",
          "path": ["email-scripts", "testimonial-request-email-scripts"]
        },
        "method": "GET"
      }
    },
    {
      "name": "testimonial-request-email-scripts",
      "request": {
        "url": {
          "raw": "http://localhost:3000/email-scripts/testimonial-request-email-scripts?action=render&option=html",
          "protocol": "http",
          "host": ["localhost"],
          "port": "3000",
          "path": ["email-scripts", "testimonial-request-email-scripts"]
        },
        "method": "POST"
      }
    },
    {
      "name": "webinar-follow-up-scripts",
      "request": {
        "url": {
          "raw": "http://localhost:3000/email-scripts/webinar-follow-up-scripts?action=fields",
          "protocol": "http",
          "host": ["localhost"],
          "port": "3000",
          "path": ["email-scripts", "webinar-follow-up-scripts"]
        },
        "method": "GET"
      }
    },
    {
      "name": "webinar-follow-up-scripts",
      "request": {
        "url": {
          "raw": "http://localhost:3000/email-scripts/webinar-follow-up-scripts?action=render&option=html",
          "protocol": "http",
          "host": ["localhost"],
          "port": "3000",
          "path": ["email-scripts", "webinar-follow-up-scripts"]
        },
        "method": "POST"
      }
    }
  ]
}
