{
  "info": {
    "name": "Expert Secerts",
    "_postman_id": "360d420b-cc8d-2530-b2c0-bfa5ee1af514",
    "description": "",
    "schema": "https://schema.getpostman.com/json/collection/v2.0.0/collection.json"
  },
  "item": [
    {
      "name": "5-curiosity-hooks-script",
      "request": {
        "url": {
          "raw": "http://localhost:3000/expert-secrets/5-curiosity-hooks-script?action=fields",
          "protocol": "http",
          "host": ["localhost"],
          "port": "3000",
          "path": ["expert-secrets", "5-curiosity-hooks-script"]
        },
        "method": "GET"
      }
    },
    {
      "name": "5-curiosity-hooks-script",
      "request": {
        "url": {
          "raw": "http://localhost:3000/expert-secrets/5-curiosity-hooks-script?action=render&option=html",
          "protocol": "http",
          "host": ["localhost"],
          "port": "3000",
          "path": ["expert-secrets", "5-curiosity-hooks-script"]
        },
        "method": "POST"
      }
    },
    {
      "name": "5-minute-perfect-webinar-wizard",
      "request": {
        "url": {
          "raw": "http://localhost:3000/expert-secrets/5-minute-perfect-webinar-wizard?action=fields",
          "protocol": "http",
          "host": ["localhost"],
          "port": "3000",
          "path": ["expert-secrets", "5-minute-perfect-webinar-wizard"]
        },
        "method": "GET"
      }
    },
    {
      "name": "5-minute-perfect-webinar-wizard",
      "request": {
        "url": {
          "raw": "http://localhost:3000/expert-secrets/5-minute-perfect-webinar-wizard?action=render&option=html",
          "protocol": "http",
          "host": ["localhost"],
          "port": "3000",
          "path": ["expert-secrets", "5-minute-perfect-webinar-wizard"]
        },
        "method": "POST"
      }
    },
    {
      "name": "ask-campaign-script",
      "request": {
        "url": {
          "raw": "http://localhost:3000/expert-secrets/ask-campaign-script?action=fields",
          "protocol": "http",
          "host": ["localhost"],
          "port": "3000",
          "path": ["expert-secrets", "ask-campaign-script"]
        },
        "method": "GET"
      }
    },
    {
      "name": "ask-campaign-script",
      "request": {
        "url": {
          "raw": "http://localhost:3000/expert-secrets/ask-campaign-script?action=render&option=html",
          "protocol": "http",
          "host": ["localhost"],
          "port": "3000",
          "path": ["expert-secrets", "ask-campaign-script"]
        },
        "method": "POST"
      }
    },
    {
      "name": "epiphany-bridge-script",
      "request": {
        "url": {
          "raw": "http://localhost:3000/expert-secrets/epiphany-bridge-script?action=fields",
          "protocol": "http",
          "host": ["localhost"],
          "port": "3000",
          "path": ["expert-secrets", "epiphany-bridge-script"]
        },
        "method": "GET"
      }
    },
    {
      "name": "epiphany-bridge-script",
      "request": {
        "url": {
          "raw": "http://localhost:3000/expert-secrets/epiphany-bridge-script?action=render&option=html",
          "protocol": "http",
          "host": ["localhost"],
          "port": "3000",
          "path": ["expert-secrets", "epiphany-bridge-script"]
        },
        "method": "POST"
      }
    },
    {
      "name": "opportunity-switch-headline-title-script",
      "request": {
        "url": {
          "raw": "http://localhost:3000/expert-secrets/opportunity-switch-headline-title-script?action=fields",
          "protocol": "http",
          "host": ["localhost"],
          "port": "3000",
          "path": ["expert-secrets", "opportunity-switch-headline-title-script"]
        },
        "method": "GET"
      }
    },
    {
      "name": "opportunity-switch-headline-title-script",
      "request": {
        "url": {
          "raw": "http://localhost:3000/expert-secrets/opportunity-switch-headline-title-script?action=render&option=html",
          "protocol": "http",
          "host": ["localhost"],
          "port": "3000",
          "path": ["expert-secrets", "opportunity-switch-headline-title-script"]
        },
        "method": "POST"
      }
    },
    {
      "name": "short-epiphany-bridge-script",
      "request": {
        "url": {
          "raw": "http://localhost:3000/expert-secrets/short-epiphany-bridge-script?action=fields",
          "protocol": "http",
          "host": ["localhost"],
          "port": "3000",
          "path": ["expert-secrets", "short-epiphany-bridge-script"]
        },
        "method": "GET"
      }
    },
    {
      "name": "short-epiphany-bridge-script",
      "request": {
        "url": {
          "raw": "http://localhost:3000/expert-secrets/short-epiphany-bridge-script?action=render&option=html",
          "protocol": "http",
          "host": ["localhost"],
          "port": "3000",
          "path": ["expert-secrets", "short-epiphany-bridge-script"]
        },
        "method": "POST"
      }
    },
    {
      "name": "the-big-domino",
      "request": {
        "url": {
          "raw": "http://localhost:3000/expert-secrets/the-big-domino?action=fields",
          "protocol": "http",
          "host": ["localhost"],
          "port": "3000",
          "path": ["expert-secrets", "the-big-domino"]
        },
        "method": "GET"
      }
    },
    {
      "name": "the-big-domino",
      "request": {
        "url": {
          "raw": "http://localhost:3000/expert-secrets/the-big-domino?action=render&option=html",
          "protocol": "http",
          "host": ["localhost"],
          "port": "3000",
          "path": ["expert-secrets", "the-big-domino"]
        },
        "method": "POST"
      }
    },
    {
      "name": "who-what-statement-script",
      "request": {
        "url": {
          "raw": "http://localhost:3000/expert-secrets/who-what-statement-script?action=fields",
          "protocol": "http",
          "host": ["localhost"],
          "port": "3000",
          "path": ["expert-secrets", "who-what-statement-script"]
        },
        "method": "GET"
      }
    },
    {
      "name": "who-what-statement-script",
      "request": {
        "url": {
          "raw": "http://localhost:3000/expert-secrets/who-what-statement-script?action=render&option=html",
          "protocol": "http",
          "host": ["localhost"],
          "port": "3000",
          "path": ["expert-secrets", "who-what-statement-script"]
        }
      }
    }
  ]
}
