{
  "info": {
    "name": "sales Letters Scripts  && title Head lines Subject Lines Scripts",
    "_postman_id": "2be92b30-a1bd-406b-ebe3-a896bf0628be",
    "description": "",
    "schema": "https://schema.getpostman.com/json/collection/v2.0.0/collection.json"
  },
  "item": [
    {
      "name": "long-form-sales-letter-script",
      "request": {
        "url": {
          "raw": "http://localhost:3000/sales-letter-scripts/long-form-sales-letter-script?action=fields&option=html",
          "protocol": "http",
          "host": ["localhost"],
          "port": "3000",
          "path": ["sales-letter-scripts", "long-form-sales-letter-script"]
        },
        "method": "GET"
      }
    },
    {
      "name": "long-form-sales-letter-script",
      "request": {
        "url": {
          "raw": "http://localhost:3000/sales-letter-scripts/long-form-sales-letter-script?action=render&option=html",
          "protocol": "http",
          "host": ["localhost"],
          "port": "3000",
          "path": ["sales-letter-scripts", "long-form-sales-letter-script"]
        },
        "method": "POST"
      }
    },
    {
      "name": "ppt-video-sales-letter-scripts",
      "request": {
        "url": {
          "raw": "http://localhost:3000/sales-letter-scripts/ppt-video-sales-letter-scripts?action=fields&option=html",
          "protocol": "http",
          "host": ["localhost"],
          "port": "3000",
          "path": ["sales-letter-scripts", "ppt-video-sales-letter-scripts"]
        },
        "method": "GET"
      }
    },
    {
      "name": "ppt-video-sales-letter-scripts",
      "request": {
        "url": {
          "raw": "http://localhost:3000/sales-letter-scripts/ppt-video-sales-letter-scripts?action=render&option=html",
          "protocol": "http",
          "host": ["localhost"],
          "port": "3000",
          "path": ["sales-letter-scripts", "ppt-video-sales-letter-scripts"]
        },
        "method": "POST"
      }
    },
    {
      "name": "short-sales-letter-script",
      "request": {
        "url": {
          "raw": "http://localhost:3000/sales-letter-scripts/short-sales-letter-script?action=fields&option=html",
          "protocol": "http",
          "host": ["localhost"],
          "port": "3000",
          "path": ["sales-letter-scripts", "short-sales-letter-script"]
        },
        "method": "GET"
      }
    },
    {
      "name": "short-sales-letter-script",
      "request": {
        "url": {
          "raw": "http://localhost:3000/sales-letter-scripts/short-sales-letter-script?action=render&option=html",
          "protocol": "http",
          "host": ["localhost"],
          "port": "3000",
          "path": ["sales-letter-scripts", "short-sales-letter-script"]
        },
        "method": "POST"
      }
    },
    {
      "name": "dirty-little-secrets-script",
      "request": {
        "url": {
          "raw": "http://localhost:3000/title-headlines-subject-lines/dirty-little-secrets-script?action=fields&option=html",
          "protocol": "http",
          "host": ["localhost"],
          "port": "3000"
        },
        "method": "GET"
      }
    },
    {
      "name": "dirty-little-secrets-script",
      "request": {
        "url": {
          "raw": "http://localhost:3000/title-headlines-subject-lines/dirty-little-secrets-script?action=render&option=html",
          "protocol": "http",
          "host": ["localhost"],
          "port": "3000",
          "path": [
            "title-headlines-subject-lines",
            "dirty-little-secrets-script"
          ]
        },
        "method": "POST"
      }
    },
    {
      "name": "email-subject-line-scripts",
      "request": {
        "url": {
          "raw": "http://localhost:3000/title-headlines-subject-lines/email-subject-line-scripts?action=fields&option=html",
          "protocol": "http",
          "host": ["localhost"],
          "port": "3000",
          "path": [
            "title-headlines-subject-lines",
            "email-subject-line-scripts"
          ]
        },
        "method": "GET"
      }
    },
    {
      "name": "email-subject-line-scripts",
      "request": {
        "url": {
          "raw": "http://localhost:3000/title-headlines-subject-lines/email-subject-line-scripts?action=render&option=html",
          "protocol": "http",
          "host": ["localhost"],
          "port": "3000",
          "path": [
            "title-headlines-subject-lines",
            "email-subject-line-scripts"
          ]
        }
      }
    },
    {
      "name": "killer-headline-scripts",
      "request": {
        "url": {
          "raw": "http://localhost:3000/title-headlines-subject-lines/killer-headline-scripts?action=fields&option=html",
          "protocol": "http",
          "host": ["localhost"],
          "port": "3000",
          "path": ["title-headlines-subject-lines", "killer-headline-scripts"]
        },
        "method": "GET"
      }
    },
    {
      "name": "killer-headline-scripts",
      "request": {
        "url": {
          "raw": "http://localhost:3000/title-headlines-subject-lines/killer-headline-scripts?action=render&option=html",
          "protocol": "http",
          "host": ["localhost"],
          "port": "3000",
          "path": ["title-headlines-subject-lines", "killer-headline-scripts"]
        },
        "method": "POST"
      }
    },
    {
      "name": "million-dollar-content-headline-scripts",
      "request": {
        "url": {
          "raw": "http://localhost:3000/title-headlines-subject-lines/million-dollar-content-headline-scripts?action=fields&option=html",
          "protocol": "http",
          "host": ["localhost"],
          "port": "3000",
          "path": [
            "title-headlines-subject-lines",
            "million-dollar-content-headline-scripts"
          ]
        },
        "method": "GET"
      }
    },
    {
      "name": "million-dollar-content-headline-scripts",
      "request": {
        "url": {
          "raw": "http://localhost:3000/title-headlines-subject-lines/million-dollar-content-headline-scripts?action=render&option=html",
          "protocol": "http",
          "host": ["localhost"],
          "port": "3000",
          "path": [
            "title-headlines-subject-lines",
            "million-dollar-content-headline-scripts"
          ]
        },
        "method": "POST"
      }
    },
    {
      "name": "million-dollar-sales-headline-scripts",
      "request": {
        "url": {
          "raw": "http://localhost:3000/title-headlines-subject-lines/million-dollar-sales-headline-scripts?action=fields&option=html",
          "protocol": "http",
          "host": ["localhost"],
          "port": "3000",
          "path": [
            "title-headlines-subject-lines",
            "million-dollar-sales-headline-scripts"
          ]
        },
        "method": "GET"
      }
    },
    {
      "name": "million-dollar-sales-headline-scripts",
      "request": {
        "url": {
          "raw": "http://localhost:3000/title-headlines-subject-lines/million-dollar-sales-headline-scripts?action=render&option=html",
          "protocol": "http",
          "host": ["localhost"],
          "port": "3000",
          "path": [
            "title-headlines-subject-lines",
            "million-dollar-sales-headline-scripts"
          ]
        },
        "method": "POST"
      }
    },
    {
      "name": "profitable-title-scripts",
      "request": {
        "url": {
          "raw": "http://localhost:3000/title-headlines-subject-lines/profitable-title-scripts?action=fields&option=html",
          "protocol": "http",
          "host": ["localhost"],
          "port": "3000",
          "path": ["title-headlines-subject-lines", "profitable-title-scripts"]
        },
        "method": "GET"
      }
    },
    {
      "name": "profitable-title-scripts",
      "request": {
        "url": {
          "raw": "http://localhost:3000/title-headlines-subject-lines/profitable-title-scripts?action=render&option=html",
          "protocol": "http",
          "host": ["localhost"],
          "port": "3000",
          "path": ["title-headlines-subject-lines", "profitable-title-scripts"]
        },
        "method": "POST"
      }
    },
    {
      "name": "short-headline-scripts",
      "request": {
        "url": {
          "raw": "http://localhost:3000/title-headlines-subject-lines/short-headline-scripts?action=fields&option=html",
          "protocol": "http",
          "host": ["localhost"],
          "port": "3000",
          "path": ["title-headlines-subject-lines", "short-headline-scripts"]
        },
        "method": "GET"
      }
    },
    {
      "name": "short-headline-scripts",
      "request": {
        "url": {
          "raw": "http://localhost:3000/title-headlines-subject-lines/short-headline-scripts?action=render&option=html",
          "protocol": "http",
          "host": ["localhost"],
          "port": "3000",
          "path": ["title-headlines-subject-lines", "short-headline-scripts"]
        },
        "method": "POST"
      }
    },
    {
      "name": "timeless-classic-headline-scripts",
      "request": {
        "url": {
          "raw": "http://localhost:3000/title-headlines-subject-lines/timeless-classic-headline-scripts?action=fields&option=html",
          "protocol": "http",
          "host": ["localhost"],
          "port": "3000",
          "path": [
            "title-headlines-subject-lines",
            "timeless-classic-headline-scripts"
          ]
        },
        "method": "GET"
      }
    },
    {
      "name": "timeless-classic-headline-scripts",
      "request": {
        "url": {
          "raw": "http://localhost:3000/title-headlines-subject-lines/timeless-classic-headline-scripts?action=render&option=html",
          "protocol": "http",
          "host": ["localhost"],
          "port": "3000",
          "path": [
            "title-headlines-subject-lines",
            "timeless-classic-headline-scripts"
          ]
        },
        "method": "POST"
      }
    }
  ]
}
