{
  "info": {
    "name": "mega Scripts",
    "_postman_id": "902da56b-5343-c9e8-51bc-8516da0ffdf0",
    "description": "",
    "schema": "https://schema.getpostman.com/json/collection/v2.0.0/collection.json"
  },
  "item": [
    {
      "name": "easy-survey-script",
      "request": {
        "url": {
          "raw": "http://localhost:3000/mega-scripts/easy-survey-script?action=fields&option=html",
          "protocol": "http",
          "host": ["localhost"],
          "port": "3000",
          "path": ["mega-scripts", "easy-survey-script"]
        },
        "method": "GET"
      }
    },
    {
      "name": "easy-survey-script",
      "request": {
        "url": {
          "raw": "http://localhost:3000/mega-scripts/easy-survey-script?action=render&option=html",
          "protocol": "http",
          "host": ["localhost"],
          "port": "3000",
          "path": ["mega-scripts", "easy-survey-script"]
        },
        "method": "POST"
      }
    },
    {
      "name": "master-class-wizard",
      "request": {
        "url": {
          "raw": "http://localhost:3000/mega-scripts/master-class-wizard?action=fields&option=html",
          "protocol": "http",
          "host": ["localhost"],
          "port": "3000",
          "path": ["mega-scripts", "master-class-wizard"]
        },
        "method": "GET"
      }
    },
    {
      "name": "master-class-wizard",
      "request": {
        "url": {
          "raw": "http://localhost:3000/mega-scripts/master-class-wizard?action=render&option=html",
          "protocol": "http",
          "host": ["localhost"],
          "port": "3000",
          "path": ["mega-scripts", "master-class-wizard"]
        },
        "method": "POST"
      }
    },
    {
      "name": "perfect-webinar-wizard-2.0",
      "request": {
        "url": {
          "raw": "http://localhost:3000/mega-scripts/perfect-webinar-wizard-2.0?action=fields&option=html",
          "protocol": "http",
          "host": ["localhost"],
          "port": "3000",
          "path": ["mega-scripts", "perfect-webinar-wizard-2.0"]
        },
        "method": "GET"
      }
    },
    {
      "name": "perfect-webinar-wizard-2.0",
      "request": {
        "url": {
          "raw": "http://localhost:3000/mega-scripts/perfect-webinar-wizard-2.0?action=render&option=html",
          "protocol": "http",
          "host": ["localhost"],
          "port": "3000",
          "path": ["mega-scripts", "perfect-webinar-wizard-2.0"]
        },
        "method": "POST"
      }
    },
    {
      "name": "star-story-solution-script",
      "request": {
        "url": {
          "raw": "http://localhost:3000/mega-scripts/star-story-solution-script?action=fields&option=html",
          "protocol": "http",
          "host": ["localhost"],
          "port": "3000",
          "path": ["mega-scripts", "star-story-solution-script"]
        },
        "method": "GET"
      }
    },
    {
      "name": "star-story-solution-script",
      "request": {
        "url": {
          "raw": "http://localhost:3000/mega-scripts/star-story-solution-script?action=render&option=html",
          "protocol": "http",
          "host": ["localhost"],
          "port": "3000",
          "path": ["mega-scripts", "star-story-solution-script"]
        },
        "method": "POST"
      }
    }
  ]
}
