{
  "info": {
    "name": "one Funnel Away Script",
    "_postman_id": "00104c66-698c-c8f0-99d9-f74367d7057f",
    "description": "",
    "schema": "https://schema.getpostman.com/json/collection/v2.0.0/collection.json"
  },
  "item": [
    {
      "name": "epiphany-bridge-script",
      "request": {
        "url": {
          "raw": "http://localhost:3000/one-funnel-away-scripts/epiphany-bridge-script?action=fields",
          "protocol": "http",
          "host": ["localhost"],
          "port": "3000",
          "path": ["one-funnel-away-scripts", "epiphany-bridge-script"]
        },
        "method": "GET"
      }
    },
    {
      "name": "epiphany-bridge-script",
      "request": {
        "url": {
          "raw": "http://localhost:3000/one-funnel-away-scripts/epiphany-bridge-script?action=render&option=html",
          "protocol": "http",
          "host": ["localhost"],
          "port": "3000",
          "path": ["one-funnel-away-scripts", "epiphany-bridge-script"]
        },
        "method": "POST"
      }
    },
    {
      "name": "hook-story-offer-script",
      "request": {
        "url": {
          "raw": "http://localhost:3000/one-funnel-away-scripts/hook-story-offer-script?action=fields",
          "protocol": "http",
          "host": ["localhost"],
          "port": "3000",
          "path": ["one-funnel-away-scripts", "hook-story-offer-script"]
        },
        "method": "GET"
      }
    },
    {
      "name": "hook-story-offer-script",
      "request": {
        "url": {
          "raw": "http://localhost:3000/one-funnel-away-scripts/hook-story-offer-script?action=render&option=html",
          "protocol": "http",
          "host": ["localhost"],
          "port": "3000",
          "path": ["one-funnel-away-scripts", "hook-story-offer-script"]
        },
        "method": "POST"
      }
    },
    {
      "name": "killer-headline-scripts",
      "request": {
        "url": {
          "raw": "http://localhost:3000/one-funnel-away-scripts/killer-headline-scripts?action=fields",
          "protocol": "http",
          "host": ["localhost"],
          "port": "3000",
          "path": ["one-funnel-away-scripts", "killer-headline-scripts"]
        },
        "method": "GET"
      }
    },
    {
      "name": "killer-headline-scripts",
      "request": {
        "url": {
          "raw": "http://localhost:3000/one-funnel-away-scripts/killer-headline-scripts?action=render&option=html",
          "protocol": "http",
          "host": ["localhost"],
          "port": "3000",
          "path": ["one-funnel-away-scripts", "killer-headline-scripts"]
        },
        "method": "POST"
      }
    },
    {
      "name": "niche-and-offer-detective-wizard",
      "request": {
        "url": {
          "raw": "http://localhost:3000/one-funnel-away-scripts/niche-and-offer-detective-wizard?action=fields",
          "protocol": "http",
          "host": ["localhost"],
          "port": "3000",
          "path": [
            "one-funnel-away-scripts",
            "niche-and-offer-detective-wizard"
          ]
        },
        "method": "GET"
      }
    },
    {
      "name": "niche-and-offer-detective-wizard",
      "request": {
        "url": {
          "raw": "http://localhost:3000/one-funnel-away-scripts/niche-and-offer-detective-wizard?action=render&option=html",
          "protocol": "http",
          "host": ["localhost"],
          "port": "3000",
          "path": [
            "one-funnel-away-scripts",
            "niche-and-offer-detective-wizard"
          ]
        },
        "method": "POST"
      }
    },
    {
      "name": "offer-stack-script",
      "request": {
        "url": {
          "raw": "http://localhost:3000/one-funnel-away-scripts/offer-stack-script?action=fields",
          "protocol": "http",
          "host": ["localhost"],
          "port": "3000",
          "path": ["one-funnel-away-scripts", "offer-stack-script"]
        },
        "method": "GET"
      }
    },
    {
      "name": "offer-stack-script",
      "request": {
        "url": {
          "raw": "http://localhost:3000/one-funnel-away-scripts/offer-stack-script?action=render&option=html",
          "protocol": "http",
          "host": ["localhost"],
          "port": "3000",
          "path": ["one-funnel-away-scripts", "offer-stack-script"]
        },
        "method": "POST"
      }
    },
    {
      "name": "opt-in-hook-story-script",
      "request": {
        "url": {
          "raw": "http://localhost:3000/one-funnel-away-scripts/opt-in-hook-story-script?action=fields",
          "protocol": "http",
          "host": ["localhost"],
          "port": "3000",
          "path": ["one-funnel-away-scripts", "opt-in-hook-story-script"]
        },
        "method": "GET"
      }
    },
    {
      "name": "opt-in-hook-story-script",
      "request": {
        "url": {
          "raw": "http://localhost:3000/one-funnel-away-scripts/opt-in-hook-story-script?action=render&option=html",
          "protocol": "http",
          "host": ["localhost"],
          "port": "3000",
          "path": ["one-funnel-away-scripts", "opt-in-hook-story-script"]
        },
        "method": "POST"
      }
    },
    {
      "name": "oto-need-help-done-for-you-script",
      "request": {
        "url": {
          "raw": "http://localhost:3000/one-funnel-away-scripts/oto-need-help-done-for-you-script?action=fields",
          "protocol": "http",
          "host": ["localhost"],
          "port": "3000",
          "path": [
            "one-funnel-away-scripts",
            "oto-need-help-done-for-you-script"
          ]
        },
        "method": "GET"
      }
    },
    {
      "name": "oto-need-help-done-for-you-script",
      "request": {
        "url": {
          "raw": "http://localhost:3000/one-funnel-away-scripts/oto-need-help-done-for-you-script?action=render&option=html",
          "protocol": "http",
          "host": ["localhost"],
          "port": "3000",
          "path": [
            "one-funnel-away-scripts",
            "oto-need-help-done-for-you-script"
          ]
        },
        "method": "POST"
      }
    },
    {
      "name": "question-hooks-script",
      "request": {
        "url": {
          "raw": "http://localhost:3000/one-funnel-away-scripts/question-hooks-script?action=fields",
          "protocol": "http",
          "host": ["localhost"],
          "port": "3000",
          "path": ["one-funnel-away-scripts", "question-hooks-script"]
        },
        "method": "GET"
      }
    },
    {
      "name": "question-hooks-script",
      "request": {
        "url": {
          "raw": "http://localhost:3000/one-funnel-away-scripts/question-hooks-script?action=render&option=html",
          "protocol": "http",
          "host": ["localhost"],
          "port": "3000",
          "path": ["one-funnel-away-scripts", "question-hooks-script"]
        },
        "method": "POST"
      }
    },
    {
      "name": "oto-next-thing-script?",
      "request": {
        "url": {
          "raw": "http://localhost:3000/one-funnel-away-scripts/oto-next-thing-script?action=fields&option=html",
          "protocol": "http",
          "host": ["localhost"],
          "port": "3000",
          "path": ["one-funnel-away-scripts", "oto-next-thing-script"]
        },
        "method": "GET"
      }
    },
    {
      "name": "oto-next-thing-script?",
      "request": {
        "url": {
          "raw": "http://localhost:3000/one-funnel-away-scripts/oto-next-thing-script?action=render&option=html",
          "protocol": "http",
          "host": ["localhost"],
          "port": "3000",
          "path": ["one-funnel-away-scripts", "oto-next-thing-script"]
        },
        "method": "POST"
      }
    }
  ]
}
