{
    "data": {
        "field1": "field1",
        "field2": "field2",
        "field3": "field3",
        "field4": "field4",
        "field5": "field5",
        "field6": "field6",
        "field7": "field7",
        "field8": "field8",
        "field9": "field9",
        "field10": "field10",
        "field11": "field11",
        "field12": "field12",
        "field13": "field13",
        "field14": "field14",
        "field15": "field15",
        "field16": "field16",
        "field17": "field17",
        "field18": "field18",
        "field19": "field19",
        "field20": "field20",
        "field21": "field21",
        "field22": "field22",
        "field23": "field23",
        "field24": "field24",
        "field25": "field25",
        "field26": "field26",
        "field27": "field27",
        "field28": "field28",
        "field29": "field29",
        "field30": "field30",
        "field31": "field31",
        "field32": "field32",
        "field33": "field33",
        "field34": "field34",
        "field35": "field35",
        "field36": "field36",
        "field37": "field37",
        "field38": "field38",
        "field39": "field39"
    }
}