{
    "data": {
        "field1": "field1",
        "field2": "field2",
        "field3": "field3",
        "field4": "field4",
        "field5": "field5",
        "field6": "field6",
        "field7": "field7",
        "field8": "field8",
        "field9": "field9",
        "field10": "field10",
        "field11": "field11",
        "field12": "field12",
        "field13": "field13",
        "field14": "field14",
        "field15": "field15",
        "field16": "field16",
        "field17": "field17",
        "field18": "field18",
        "field19": "field19",
        "field20": "field20",
        "field21": "field21",
        "field22": "field22",
        "field23": "field23",
        "field24": "field24"
    }
}